ImageId,NameOfPokemon
1106.jpg,Pikachu
2236.jpg,Pikachu
1131.jpg,Bulbasaur
2221.jpg,Pikachu
2011.jpg,Pikachu
2030.jpg,Pikachu
2035.jpg,Pikachu
1110.jpg,Bulbasaur
1104.jpg,Bulbasaur
2217.jpg,Pikachu
1111.jpg,Pikachu
1100.jpg,Charmander
1112.jpg,Bulbasaur
1138.jpg,Bulbasaur
2238.jpg,Charmander
2009.jpg,Bulbasaur
2225.jpg,Pikachu
2240.jpg,Pikachu
2020.jpg,Pikachu
2209.jpg,Pikachu
2029.jpg,Pikachu
1114.jpg,Bulbasaur
2201.jpg,Bulbasaur
1118.jpg,Bulbasaur
2025.jpg,Pikachu
2202.jpg,Pikachu
1117.jpg,Pikachu
1119.jpg,Bulbasaur
2000.jpg,Pikachu
2007.jpg,Bulbasaur
2039.jpg,Pikachu
2017.jpg,Pikachu
2215.jpg,Pikachu
1120.jpg,Pikachu
2006.jpg,Pikachu
1116.jpg,Bulbasaur
1128.jpg,Pikachu
1125.jpg,Bulbasaur
2203.jpg,Charmander
1133.jpg,Pikachu
1137.jpg,Pikachu
2220.jpg,Pikachu
2012.jpg,Bulbasaur
2224.jpg,Pikachu
2206.jpg,Charmander
1122.jpg,Pikachu
2223.jpg,Bulbasaur
1102.jpg,Bulbasaur
2234.jpg,Charmander
2216.jpg,Charmander
2016.jpg,Pikachu
2227.jpg,Charmander
2013.jpg,Pikachu
1113.jpg,Charmander
2204.jpg,Bulbasaur
1101.jpg,Pikachu
2208.jpg,Pikachu
2024.jpg,Pikachu
2031.jpg,Charmander
2222.jpg,Charmander
2211.jpg,Pikachu
2033.jpg,Pikachu
2213.jpg,Pikachu
2231.jpg,Pikachu
2001.jpg,Pikachu
2040.jpg,Bulbasaur
1127.jpg,Pikachu
2023.jpg,Pikachu
2015.jpg,Pikachu
1121.jpg,Bulbasaur
2232.jpg,Pikachu
1139.jpg,Pikachu
1103.jpg,Bulbasaur
2018.jpg,Pikachu
2233.jpg,Pikachu
2212.jpg,Bulbasaur
2210.jpg,Pikachu
2228.jpg,Pikachu
2026.jpg,Pikachu
1132.jpg,Pikachu
2003.jpg,Pikachu
1129.jpg,Bulbasaur
2214.jpg,Bulbasaur
1123.jpg,Bulbasaur
2004.jpg,Pikachu
1136.jpg,Pikachu
1140.jpg,Pikachu
2226.jpg,Pikachu
2230.jpg,Pikachu
1135.jpg,Bulbasaur
1105.jpg,Pikachu
2237.jpg,Bulbasaur
1109.jpg,Bulbasaur
2022.jpg,Pikachu
2005.jpg,Pikachu
2218.jpg,Pikachu
2036.jpg,Pikachu
1115.jpg,Bulbasaur
2032.jpg,Pikachu
2200.jpg,Pikachu
1134.jpg,Bulbasaur
1130.jpg,Bulbasaur
1107.jpg,Charmander
2034.jpg,Charmander
2205.jpg,Pikachu
2008.jpg,Bulbasaur
2027.jpg,Charmander
2028.jpg,Pikachu
2239.jpg,Pikachu
1108.jpg,Bulbasaur
2010.jpg,Pikachu
2229.jpg,Bulbasaur
2219.jpg,Pikachu
2019.jpg,Bulbasaur
2207.jpg,Charmander
2002.jpg,Pikachu
2037.jpg,Pikachu
2038.jpg,Pikachu
1124.jpg,Charmander
2014.jpg,Pikachu
2235.jpg,Bulbasaur
1126.jpg,Bulbasaur
2021.jpg,Pikachu
